ID,騎手名,騎手netkeibaID
1,戸崎圭太,5386
2,丹内祐次,1091
3,三浦皇成,1122
4,石川裕紀,1150
5,吉田豊,733
6,田辺裕信,1075
7,菊沢一樹,1161
8,横山武史,1170
9,佐々木大,1197
10,永野猛蔵,1188
11,大野拓弥,1096
12,小林美駒,1206
13,内田博幸,422
14,黛弘人,1109
15,柴田大知,1009
16,佐藤翔馬,1207
17,野中悠太,1158
18,原優介,1184
19,水沼元輝,1201
20,小林勝太,1205
21,小林凌大,1177
22,キング,5643
23,丸田恭介,1117
24,江田照男,689
25,キングス,5660
26,伊藤工真,1119
27,津村明秀,1092
28,的場勇人,1108
29,小林脩斗,1183
30,木幡巧也,1162
31,藤田菜七,1164
32,ピーヒュ,5661
33,荻野極,1160
34,杉原誠人,1135
35,武士沢友,1029
36,菅原明良,1179
37,柴田善臣,641
38,伴啓太,1149
39,北村宏司,1043
40,秋山稔樹,1181
41,武藤雅,1169
42,横山琉人,1192
43,横山和生,1140
44,草野太郎,1113
45,宮崎北斗,1118
46,木幡初也,1153
47,石橋脩,1077
48,丸山元気,1127
49,松岡正海,1085
50,横山典弘,660
51,本田正重,5443
52,Ｍ．デム,5212
53,藤懸貴志,1138
54,菅原隆一,1129
55,坂井瑠星,1163
56,長岡禎仁,1142
57,鮫島克駿,1157
58,田中健,1114
59,松若風馬,1154
60,北村友一,1102
61,角田大河,1199
62,国分優作,1125
63,永島まな,1187
64,小牧太,894
65,古川吉洋,1015
66,岩田望来,1174
67,斎藤新,1178
68,ルメート,5659
69,小沢大仁,1185
70,菱田裕二,1144
71,和田竜二,1018
72,田口貫太,1208
73,モリス,5641
74,川田将雅,1088
75,小崎綾也,1152
76,中井裕二,1141
77,西塚洸二,1200
78,幸英明,732
79,藤岡康太,1116
80,今村聖奈,1193
81,西村淳也,1171
82,国分恭介,1124
83,河原田菜,1204
84,水口優也,1133
85,岩田康誠,5203
86,川又賢治,1166
87,富田暁,1168
88,松山弘平,1126
89,藤岡佑介,1093
90,荻野琢真,1112
91,川須栄彦,1128
92,太宰啓介,1037
93,武豊,666
94,泉谷楓真,1182
95,川端海翼,1195
96,鷲頭虎太,1202
97,浜中俊,1115
98,酒井学,1034
99,吉田隼人,1095
100,秋山真一,1019
101,団野大成,1180
102,角田大和,1186
103,原田和真,1143
104,岩部純二,726
105,中村将之,1101
106,小坂忠士,1063
107,小牧加矢,1196
108,江田勇亮,1023
109,上野翔,1087
110,森一馬,1139
111,石神深一,1059
112,大江原圭,1120
113,小野寺祐,1123
114,五十嵐雄,1069
115,蓑島靖典,1068
116,ルメール,5339
117,木幡育也,1167
118,石田拓郎,1203
119,嶋田純次,1134
120,松本大輝,1191
121,和田翼,1146
122,鮫島良太,1099
123,城戸義政,1147
124,亀田温心,1176
125,森裕太朗,1165
126,高倉稜,1130
127,勝浦正樹,1025
128,西村太一,1131
129,田村太雅,1105
130,高田潤,1046
131,川島信二,1062
132,土田真翔,1198
133,大久保友,1194
134,池添謙一,1032
135,加藤祥太,1156
136,服部寿希,1172
137,岡田祥嗣,5429
138,黒岩悠,1072
139,井上敏樹,1151
140,西谷誠,1005
141,大庭和弥,1061
142,岡部誠,5171
143,落合玄太,5578
144,加藤和博,5248
145,金子光希,1052
146,ムルザバ,5627
147,矢野貴之,5380
148,御神本訓,5404
149,古川奈穂,1190
150,長浜鴻緒,1214
151,大江原比,1210
152,石神深道,1209
153,橋木太希,1215
154,高杉吏麒,1213
155,吉村誠之,1216
156,柴田裕一,1212
157,坂口智康,1211
158,リョン,5662
159,大塚海渡,1175
160,難波剛健,1066
161,森泰斗,5342
162,モレイラ,5509
163,及川烈,5629
164,鈴木祐,5552
165,オシェア,5663
166,マクドナ,5520
167,パートン,5454
168,岩橋勇二,5389
169,レーン,5585
170,出水拓人,5579
171,飛田愛斗,5609
172,石川慎将,5478
173,笹川翼,5524
174,石川倭,5534
175,吉原寛人,5299
176,桑村真明,5411
177,小野楓馬,5592
178,ホー,5619
179,ティータ,5533
180,吉村智洋,5390
181,サンチア,5664
182,服部茂史,5286
183,シュタル,5115
184,Ｃ．デム,5473
185,ドイル,5625
186,マーカン,5626
187,ムーア,5366
188,渡辺竜也,5558
189,ビュイッ,5495
190,スミヨン,5271
191,ミシェル,5586
192,デットー,875
193,和田譲治,5399
194,室陽一朗,5651
195,望月洵輝,5666
196,加藤翔馬,5655
197,鷹見陸,5665
198,土方颯太,5667
199,長江慶悟,5635
200,谷内貫太,5650
